{
  "assetsByChunkName": {
    "vendors~app-account~app-checkout~app-confirmation~app-order": "chunk.4d7e1644da44fa9e56f0.js",
    "vendors~app-account~app-confirmation~app-order": "chunk.03853c10bf973cbb46b8.js",
    "vendors~app-account~app-checkout": "chunk.f27426fa66c7d89caa40.js",
    "vendors~app-cart~app-checkout": "chunk.ffb6bcba82cf660b76e8.js",
    "admin": [
      "admin.67d3106f7b48bf58d9b6.js",
      "admin.67d3106f7b48bf58d9b6.js.map"
    ],
    "app-account": "chunk.03f9577ba69807ddfd85.js",
    "app-cart": "chunk.894f750efe2f58543dc6.js",
    "app-checkout": "chunk.44374ba91a1ee979a08e.js",
    "app-confirmation": "chunk.2d617855e3e1c660071e.js",
    "app-order": "chunk.5a13533d652539372464.js",
    "checkout": [
      "checkout.437dd10df17ff2020a6f.js",
      "checkout.437dd10df17ff2020a6f.js.map"
    ],
    "storefront": [
      "storefront.51510567cf9fef4486ac.css",
      "storefront.f4ab96dda3d4623e440a.js",
      "storefront.51510567cf9fef4486ac.css.map",
      "storefront.f4ab96dda3d4623e440a.js.map"
    ],
    "vendors~app-cart": "chunk.9816131e6e978644e836.js"
  }
}