{
  "meta_title": "",
  "meta_description": "",
  "sections": [
    {
      "type": "banner-slider",
      "autoplay": 9000,
      "full_width": false,
      "slides": [
        {
          "img": "/img/uploads/rect89.webp",
          "link": "/headset",
          "alt": "Headset banner",
          "start": "2020-04-11T05:54:06.750Z",
          "end": "2020-12-31T03:00:00.000Z",
          "mobile_img": "/img/uploads/headphone.webp"
        },
        {
          "start": "",
          "end": "",
          "img": "/img/uploads/banner2.webp",
          "alt": "Banner sample two",
          "mobile_img": "/img/uploads/passion.webp"
        }
      ]
    },
    {
      "type": "search-shelf"
    },
    {
      "type": "category-shelf"
    },
    {
      "type": "page-title"
    },
    {
      "type": "products-shelf"
    }
    
    
  ]
}